,score
0,250.0
1,209.0
2,227.33333333333334
3,249.0
4,235.0
5,237.5
6,223.28571428571428
7,205.25
8,218.55555555555554
9,196.7
10,178.8181818181818
11,169.91666666666666
12,160.53846153846155
13,164.92857142857142
14,161.86666666666667
15,160.75
16,172.58823529411765
17,171.33333333333334
18,180.78947368421052
19,176.8
20,173.3
21,177.4
22,177.4
23,174.2
24,174.25
25,174.5
26,167.6
27,163.65
28,148.75
29,148.75
30,148.75
31,145.15
32,142.75
33,131.65
34,125.7
35,118.5
36,100.4
37,93.35
38,75.8
39,70.75
40,61.75
41,49.25
42,36.05
43,23.55
44,15.15
45,2.4
46,2.4
47,2.4
48,1.05
49,1.65
50,1.65
51,4.5
52,4.5
53,4.5
54,4.5
55,4.5
56,4.8
57,4.35
58,4.35
59,4.35
60,4.35
61,5.25
62,12.5
63,19.5
64,23.45
65,29.8
66,41.1
67,48.25
68,61.8
69,73.7
70,86.2
71,97.7
72,104.7
73,107.7
74,116.0
75,119.15
76,122.75
77,134.5
78,144.05
79,150.7
80,162.85
81,171.5
82,177.65
83,185.5
84,182.95
85,181.75
86,176.4
87,175.15
88,167.2
89,163.4
90,160.0
91,158.55
92,165.3
93,171.7
94,166.4
95,169.6
96,169.6
97,164.3
98,157.75
99,159.1
100,154.95
101,148.4
102,139.0
103,134.3
104,137.65
105,134.5
106,134.85
107,133.15
108,140.1
109,135.25
110,128.05
111,119.85
112,115.9
113,115.2
114,120.9
115,127.05
116,124.85
117,121.1
118,123.75
119,120.2
120,118.1
121,119.65
122,130.3
123,134.7
124,135.6
125,140.25
126,141.4
127,147.9
128,143.05
129,151.7
130,162.3
131,164.1
132,158.2
133,163.3
134,160.3
135,158.4
136,170.55
137,171.55
138,169.95
139,167.1
140,179.3
141,190.85
142,193.45
143,195.65
144,196.65
145,201.4
146,206.45
147,206.35
148,209.3
149,209.3
150,209.3
151,215.3
152,227.0
153,225.7
154,236.55
155,240.85
156,239.5
157,241.2
158,248.55
159,255.15
160,242.95
161,241.95
162,242.4
163,238.15
164,237.6
165,241.25
166,230.75
167,221.65
168,225.3
169,216.3
170,205.2
171,195.3
172,184.4
173,174.35
174,160.65
175,160.9
176,148.6
177,143.2
178,131.8
179,124.45
180,118.55
181,103.45
182,85.75
183,73.25
184,66.55
185,51.5
186,49.5
187,48.0
188,33.7
189,30.2
190,28.8
191,26.2
192,22.6
193,20.15
194,17.3
195,2.15
196,1.95
197,1.95
198,1.95
199,1.1
200,1.1
201,1.1
202,1.1
203,1.1
204,1.1
205,1.1
206,4.9
207,5.3
208,5.7
209,5.7
210,5.9
211,18.4
212,33.4
213,40.65
214,53.15
215,65.0
216,78.85
217,93.75
218,106.25
219,118.75
220,131.25
221,143.75
222,159.65
223,172.15
224,179.55
225,196.6
226,201.95
227,215.0
228,222.15
229,227.15
230,231.35
231,221.85
232,208.75
233,202.4
234,193.15
235,184.3
236,172.7
237,161.7
238,153.05
239,142.45
240,133.85
241,125.75
242,113.6
243,105.1
244,99.4
245,83.2
246,80.5
247,73.75
248,71.95
249,68.65
250,67.65
251,66.55
252,65.25
253,65.55
254,64.2
255,62.4
256,60.6
257,58.8
258,57.05
259,61.45
260,64.1
261,65.2
262,64.85
263,62.55
264,65.7
265,65.7
266,60.25
267,54.55
268,50.65
269,49.95
270,46.55
271,44.65
272,48.4
273,48.2
274,46.3
275,45.1
276,44.65
277,42.55
278,40.45
279,34.15
280,27.6
281,22.1
282,18.7
283,17.0
284,15.15
285,17.15
286,27.0
287,34.9
288,40.7
289,47.7
290,55.65
291,63.85
292,62.6
293,73.15
294,78.0
295,89.55
296,93.25
297,97.1
298,97.55
299,101.45
300,104.3
301,107.55
302,112.05
303,116.2
304,116.05
305,115.85
306,108.0
307,101.8
308,95.0
309,87.0
310,82.05
311,78.25
312,79.8
313,71.8
314,76.7
315,72.3
316,76.2
317,80.25
318,88.75
319,91.4
320,94.4
321,103.3
322,101.3
323,111.25
324,114.35
325,121.75
326,127.85
327,130.15
328,142.25
329,146.8
330,148.4
331,148.25
332,145.55
333,154.5
334,157.35
335,152.2
336,149.75
337,154.35
338,154.3
339,153.9
340,151.9
341,143.7
342,143.55
343,131.35
344,141.25
345,145.55
346,143.05
347,140.05
348,129.5
349,131.95
350,142.25
351,142.85
352,147.7
353,149.0
354,144.45
355,151.3
356,154.9
357,148.45
358,145.6
359,145.35
360,156.0
361,160.15
362,169.2
363,173.3
364,166.25
365,161.7
366,162.9
367,170.35
368,175.0
369,179.0
370,172.1
371,175.5
372,178.8
373,173.25
374,182.4
375,186.05
376,184.3
377,188.25
378,194.7
379,196.7
380,192.2
381,190.1
382,188.5
383,185.7
384,184.1
385,187.8
386,181.0
387,173.55
388,169.15
389,160.8
390,159.85
391,157.8
392,164.15
393,160.4
394,145.2
395,136.9
396,139.9
397,136.35
398,137.05
399,133.15
400,125.15
401,124.15
402,123.15
403,129.75
404,130.55
405,122.05
406,126.05
407,128.05
408,125.4
409,123.75
410,117.7
411,113.5
412,97.95
413,98.45
414,103.65
415,106.45
416,108.85
417,106.4
418,100.0
419,101.0
420,103.2
421,103.2
422,100.4
423,104.55
424,103.75
425,103.75
426,108.95
427,110.75
428,126.55
429,140.05
430,144.65
431,150.25
432,154.35
433,156.2
434,153.0
435,149.0
436,139.6
437,137.6
438,131.8
439,127.8
440,126.6
441,128.1
442,131.95
443,124.85
444,120.65
445,118.65
446,111.45
447,108.65
448,97.9
449,89.3
450,92.7
451,101.8
452,103.75
453,109.4
454,111.8
455,114.1
456,111.1
457,109.1
458,108.1
459,107.1
460,104.1
461,97.6
462,87.75
463,80.9
464,77.9
465,74.9
466,71.9
467,68.9
468,63.85
469,57.95
470,48.95
471,32.25
472,24.2
473,11.7
474,5.3
475,0.0
476,2.45
477,3.45
478,4.45
479,12.75
480,15.05
481,20.4
482,25.55
483,28.4
484,32.5
485,34.4
486,36.5
487,38.55
488,41.85
489,54.35
490,58.85
491,64.4
492,75.05
493,75.9
494,78.3
495,83.75
496,83.0
497,84.7
498,84.7
499,76.4
500,74.95
501,69.6
502,64.9
503,63.05
504,59.8
505,57.9
506,56.25
507,54.2
508,51.9
509,39.4
510,35.35
511,29.8
512,20.15
513,20.15
514,20.2
515,15.75
516,14.05
517,11.35
518,13.15
519,17.85
520,17.0
521,18.0
522,18.55
523,17.55
524,16.7
525,16.7
526,17.25
527,17.25
528,16.25
529,16.25
530,15.8
531,15.8
532,14.8
533,13.95
534,11.5
535,10.5
536,10.5
537,12.5
538,9.7
539,6.0
540,6.0
541,7.0
542,6.0
543,7.0
544,11.9
545,16.9
546,28.25
547,40.75
548,56.5
549,56.5
550,56.5
551,56.5
552,58.7
553,58.7
554,58.7
555,59.7
556,60.15
557,60.35
558,65.6
559,67.15
560,70.7
561,73.35
562,74.2
563,80.05
564,86.0
565,89.6
566,83.8
567,76.8
568,63.6
569,80.85
570,91.0
571,106.8
572,114.4
573,118.25
574,119.1
575,125.2
576,127.15
577,125.95
578,120.7
579,120.15
580,119.6
581,120.05
582,131.7
583,135.05
584,132.8
585,136.7
586,148.1
587,152.2
588,157.05
589,142.0
590,143.4
591,134.95
592,137.65
593,146.3
594,154.1
595,153.9
596,159.95
597,172.15
598,184.65
599,191.75
600,197.45
601,199.8
602,202.05
603,202.95
604,206.85
605,206.85
606,202.5
607,205.4
608,204.8
609,220.4
610,220.9
611,226.05
612,221.8
613,218.2
614,220.25
615,217.3
616,213.85
617,209.55
618,207.55
619,206.75
620,205.95
621,211.0
622,206.8
623,201.3
624,198.3
625,190.9
626,189.8
627,184.7
628,185.65
629,182.55
630,183.0
631,185.85
632,195.35
633,198.95
634,204.4
635,211.65
636,210.65
637,204.2
638,198.0
639,190.7
640,187.0
641,176.5
642,173.55
643,177.75
644,176.25
645,179.15
646,178.1
647,179.8
648,179.3
649,171.9
650,168.2
651,164.5
652,157.0
653,153.5
654,141.35
655,138.6
656,143.05
657,146.6
658,159.25
659,164.6
660,177.5
661,178.35
662,173.75
663,171.95
664,172.8
665,171.4
666,163.65
667,158.1
668,156.55
669,155.65
670,160.2
671,154.45
672,149.05
673,147.25
674,147.75
675,151.8
676,149.05
677,157.55
678,153.1
679,162.35
680,160.0
681,162.0
682,171.5
683,177.15
684,179.75
685,187.4
686,192.4
687,198.4
688,205.2
689,213.4
690,216.15
691,221.5
692,219.35
693,221.65
694,220.05
695,212.3
696,214.0
697,212.0
698,209.05
699,200.4
700,190.55
701,193.1
702,183.45
703,169.8
704,158.35
705,145.95
706,139.1
707,130.4
708,121.9
709,111.65
710,103.9
711,100.15
712,100.5
713,93.2
714,95.75
715,104.5
716,109.6
717,101.4
718,97.35
719,91.7
720,88.6
721,81.2
722,78.35
723,78.35
724,78.35
725,77.5
726,75.65
727,74.8
728,70.8
729,66.45
730,58.1
731,53.1
732,53.05
733,61.55
734,59.35
735,59.05
736,52.55
737,51.7
738,51.25
739,58.4
740,71.3
741,74.7
742,86.6
743,101.6
744,115.8
745,123.05
746,130.65
747,139.3
748,144.55
749,151.9
750,169.7
751,174.85
752,177.85
753,174.45
754,175.85
755,171.35
756,179.15
757,185.95
758,192.3
759,191.9
760,189.7
761,196.9
762,200.0
763,191.45
764,188.25
765,187.25
766,188.85
767,180.2
768,185.95
769,185.6
770,175.65
771,172.0
772,172.85
773,171.25
774,176.3
775,169.05
776,155.25
777,145.0
778,135.5
779,128.8
780,117.3
781,109.6
782,95.2
783,96.7
784,91.55
785,98.7
786,105.6
787,117.2
788,117.3
789,116.85
790,113.2
791,122.1
792,120.75
793,123.6
794,126.45
795,137.5
796,142.75
797,144.25
798,153.2
799,163.7
800,169.25
801,173.7
802,190.1
803,190.45
804,192.2
805,190.3
806,184.05
807,178.1
808,177.1
809,170.55
810,166.35
811,153.45
812,147.95
813,139.4
814,127.15
815,117.15
816,114.85
817,113.35
818,102.5
819,90.65
820,85.45
821,81.4
822,71.85
823,78.95
824,76.15
825,76.8
826,77.05
827,83.9
828,80.45
829,86.5
830,89.65
831,95.7
832,107.35
833,123.55
834,135.75
835,142.05
836,148.7
837,154.95
838,162.4
839,165.8
840,168.1
841,173.15
842,172.65
843,171.95
844,181.75
845,183.05
846,181.15
847,174.55
848,173.85
849,176.85
850,186.2
851,190.05
852,192.0
853,181.15
854,178.25
855,181.25
856,184.35
857,184.15
858,184.05
859,193.15
860,202.0
861,200.7
862,206.25
863,208.65
864,211.75
865,212.7
866,217.0
867,223.6
868,232.45
869,228.65
870,232.8
871,231.15
872,229.05
873,225.6
874,221.3
875,216.45
876,208.15
877,206.15
878,208.1
879,199.65
880,193.85
881,201.4
882,195.95
883,188.15
884,173.95
885,173.05
886,165.85
887,156.4
888,146.75
889,145.1
890,135.0
891,130.75
892,125.25
893,129.35
894,133.5
895,134.85
896,137.5
897,148.85
898,154.3
899,160.7
900,160.35
901,155.0
902,153.55
903,157.9
904,168.7
905,168.0
906,175.2
907,176.65
908,180.6
909,185.2
910,196.6
911,197.25
912,203.7
913,212.2
914,215.95
915,220.65
916,225.2
917,219.1
918,209.35
919,207.5
920,210.15
921,206.7
922,216.8
923,206.4
924,196.35
925,190.0
926,191.1
927,199.1
928,195.05
929,193.1
930,178.0
931,174.55
932,169.3
933,159.0
934,151.3
935,141.5
936,130.3
937,128.4
938,124.8
939,121.55
940,124.55
941,131.05
942,118.55
943,122.85
944,123.9
945,131.25
946,120.0
947,118.0
948,125.45
949,130.9
950,145.0
951,150.45
952,148.5
953,159.6
954,169.7
955,183.1
956,194.65
957,187.55
958,186.45
959,181.1
960,169.1
961,160.4
962,160.2
963,156.4
964,168.1
965,155.75
966,161.8
967,154.6
968,150.15
969,138.45
970,121.5
971,114.85
972,109.6
973,94.6
974,84.45
975,83.65
976,87.85
977,93.65
978,105.85
979,114.05
980,130.75
981,137.15
982,147.55
983,157.0
984,150.8
985,157.3
986,166.4
987,173.65
988,171.9
989,180.8
990,192.25
991,204.3
992,213.8
993,219.7
994,224.65
995,216.9
996,207.15
997,207.6
998,200.1
999,210.2
1000,201.0
1001,196.0
1002,188.8
1003,182.6
1004,183.0
1005,174.05
1006,169.05
1007,174.0
1008,170.55
1009,162.75
1010,160.6
1011,151.6
1012,145.3
1013,141.1
1014,134.1
1015,133.5
1016,133.8
1017,131.7
1018,131.7
1019,120.4
1020,119.7
1021,124.9
1022,125.1
1023,120.7
1024,117.25
1025,129.1
1026,119.3
1027,116.8
1028,118.95
1029,123.5
1030,116.8
1031,125.75
1032,127.55
1033,138.75
1034,142.8
1035,141.55
1036,151.35
1037,150.15
1038,152.65
1039,158.1
1040,157.8
1041,153.8
1042,159.8
1043,171.75
1044,173.6
1045,173.95
1046,178.95
1047,171.75
1048,172.95
1049,181.3
1050,182.7
1051,179.2
1052,189.75
1053,185.4
1054,190.5
1055,192.45
1056,188.45
1057,189.75
1058,191.45
1059,194.1
1060,194.4
1061,195.0
1062,195.1
1063,193.4
1064,200.1
1065,194.75
1066,204.45
1067,211.15
1068,220.9
1069,213.9
1070,222.4
1071,228.0
1072,218.4
1073,211.95
1074,200.65
1075,196.75
1076,190.5
1077,188.2
1078,180.85
1079,166.15
1080,161.9
1081,155.3
1082,146.75
1083,137.0
1084,127.45
1085,126.7
1086,124.45
1087,122.55
1088,119.3
1089,115.3
1090,109.2
1091,107.8
1092,112.0
1093,117.7
1094,116.65
1095,121.9
1096,119.6
1097,120.25
1098,120.65
1099,132.75
1100,137.15
1101,140.95
1102,151.25
1103,154.15
1104,154.6
1105,149.35
1106,138.2
1107,137.9
1108,127.7
1109,133.3
1110,128.75
1111,117.9
1112,110.15
1113,109.65
1114,116.1
1115,112.05
1116,112.15
1117,112.7
1118,116.05
1119,104.5
1120,101.15
1121,97.35
1122,88.7
1123,83.55
1124,79.85
1125,80.2
1126,78.25
1127,68.8
1128,69.9
1129,64.1
1130,62.45
1131,62.6
1132,62.4
1133,59.8
1134,53.15
1135,51.75
1136,50.7
1137,51.55
1138,48.3
1139,51.75
1140,49.2
1141,51.45
1142,45.85
1143,49.35
1144,47.95
1145,50.6
1146,50.9
1147,50.25
1148,48.5
1149,45.7
1150,51.25
1151,52.25
1152,50.25
1153,46.1
1154,46.95
1155,42.9
1156,40.75
1157,40.35
1158,39.0
1159,35.6
1160,40.55
1161,40.0
1162,41.65
1163,37.3
1164,36.25
1165,32.6
1166,30.25
1167,34.15
1168,36.55
1169,41.0
1170,36.45
1171,35.4
1172,35.4
1173,38.4
1174,40.3
1175,44.45
1176,43.6
1177,41.5
1178,40.7
1179,42.55
1180,36.75
1181,40.85
1182,42.75
1183,47.95
1184,50.0
1185,49.8
1186,56.0
1187,66.15
1188,68.5
1189,72.25
1190,75.45
1191,74.35
1192,75.0
1193,71.35
1194,70.85
1195,69.15
1196,69.15
1197,69.6
1198,71.1
1199,69.5
1200,73.65
1201,73.1
1202,76.2
1203,88.7
1204,94.0
1205,98.95
1206,102.5
1207,96.25
1208,102.15
1209,104.1
1210,110.9
1211,117.85
1212,125.6
1213,141.55
1214,145.8
1215,152.75
1216,164.0
1217,166.05
1218,167.05
1219,179.65
1220,188.65
1221,189.9
1222,188.4
1223,176.45
1224,172.05
1225,180.3
1226,179.85
1227,181.6
1228,183.25
1229,178.15
1230,180.65
1231,186.55
1232,185.95
1233,174.8
1234,178.8
1235,174.35
1236,169.1
1237,170.8
1238,169.1
1239,158.25
1240,146.9
1241,142.2
1242,141.7
1243,136.95
1244,137.15
1245,124.95
1246,119.65
1247,110.9
1248,99.2
1249,96.15
1250,89.25
1251,77.85
1252,70.7
1253,68.4
1254,60.35
1255,55.4
1256,51.4
1257,46.4
1258,47.25
1259,51.1
1260,52.8
1261,53.95
1262,52.55
1263,64.25
1264,63.0
1265,65.2
1266,65.5
1267,67.55
1268,76.5
1269,75.5
1270,72.35
1271,72.9
1272,80.6
1273,82.9
1274,81.45
1275,82.45
1276,85.1
1277,89.8
1278,93.0
1279,91.0
1280,92.2
1281,101.15
1282,99.1
1283,95.3
1284,98.1
1285,99.2
1286,99.8
1287,110.7
1288,108.45
1289,112.85
1290,121.1
1291,119.75
1292,111.6
1293,110.35
1294,110.4
1295,115.25
1296,116.65
1297,111.15
1298,107.1
1299,104.1
1300,102.45
1301,91.35
1302,94.55
1303,85.65
1304,81.9
1305,78.8
1306,76.35
1307,65.9
1308,58.55
1309,54.45
1310,42.55
1311,47.05
1312,46.65
1313,46.1
1314,45.05
1315,41.4
1316,35.35
1317,36.0
1318,36.6
1319,39.35
1320,40.85
1321,44.25
1322,42.75
1323,45.65
1324,51.5
1325,51.5
1326,50.95
1327,58.5
1328,62.6
1329,66.6
1330,74.05
1331,71.4
1332,72.6
1333,75.8
1334,78.8
1335,79.65
1336,87.5
1337,90.85
1338,93.05
1339,92.3
1340,93.0
1341,96.45
1342,97.55
1343,98.65
1344,95.65
1345,104.35
1346,106.45
1347,109.4
1348,109.95
1349,111.3
1350,107.7
1351,117.45
1352,121.25
1353,121.5
1354,123.5
1355,128.45
1356,129.05
1357,131.65
1358,129.85
1359,131.85
1360,131.2
1361,128.2
1362,127.4
1363,130.65
1364,128.0
1365,125.15
1366,124.65
1367,116.25
1368,116.45
1369,119.65
1370,119.3
1371,109.45
1372,113.5
1373,109.7
1374,107.4
1375,107.75
1376,102.0
1377,97.05
1378,96.3
1379,96.45
1380,94.8
1381,93.7
1382,93.5
1383,88.95
1384,88.8
1385,83.75
1386,82.9
1387,77.3
1388,74.2
1389,69.7
1390,67.25
1391,64.0
1392,57.45
1393,58.55
1394,57.75
1395,51.65
1396,49.95
1397,48.1
1398,48.65
1399,44.5
1400,44.15
1401,40.4
1402,38.6
1403,36.9
1404,37.15
1405,36.15
1406,33.7
1407,35.15
1408,35.45
1409,32.75
1410,31.7
1411,31.7
1412,32.8
1413,29.85
1414,28.4
1415,27.0
1416,27.0
1417,31.7
1418,31.95
1419,32.0
1420,29.2
1421,32.5
1422,36.3
1423,37.5
1424,41.4
1425,40.4
1426,44.75
1427,43.3
1428,41.65
1429,39.0
1430,39.2
1431,40.85
1432,41.55
1433,41.3
1434,42.3
1435,43.5
1436,44.7
1437,40.45
1438,39.25
1439,41.55
1440,42.55
1441,41.8
1442,41.35
1443,39.6
1444,34.4
1445,38.1
1446,34.9
1447,34.9
1448,41.55
1449,44.25
1450,44.05
1451,44.1
1452,43.85
1453,55.35
1454,71.8
1455,73.75
1456,84.0
1457,93.25
1458,98.35
1459,108.05
1460,119.55
1461,130.6
1462,141.0
1463,153.05
1464,163.35
1465,175.35
1466,183.85
1467,196.6
1468,201.6
1469,205.05
1470,208.55
1471,216.9
1472,224.55
1473,217.45
1474,202.25
1475,201.95
1476,192.85
1477,199.35
1478,202.8
1479,196.7
1480,193.7
1481,193.85
1482,194.45
1483,187.65
1484,179.95
1485,167.6
1486,162.2
1487,159.25
1488,153.2
1489,154.9
1490,163.7
1491,166.1
1492,157.45
1493,156.45
1494,157.8
1495,159.55
1496,162.5
1497,148.3
1498,150.7
1499,148.15
1500,145.55
1501,138.0
1502,128.45
1503,138.2
1504,147.1
1505,154.1
1506,156.95
1507,153.0
1508,153.2
1509,149.35
1510,145.75
1511,144.65
1512,149.0
1513,150.25
1514,147.4
1515,145.95
1516,143.05
1517,146.0
1518,142.85
1519,144.6
1520,149.75
1521,154.85
1522,161.85
1523,155.85
1524,150.6
1525,148.25
1526,150.8
1527,153.6
1528,154.5
1529,163.0
1530,168.75
1531,168.15
1532,178.0
1533,191.05
1534,202.35
1535,205.65
1536,214.75
1537,222.3
1538,226.5
1539,225.9
1540,226.35
1541,231.45
1542,230.95
1543,239.5
1544,249.0
1545,243.0
1546,249.1
1547,250.65
1548,252.1
1549,244.05
1550,233.45
1551,228.55
1552,217.3
1553,200.85
1554,189.35
1555,188.5
1556,181.0
1557,170.5
1558,162.65
1559,159.25
1560,148.95
1561,135.6
1562,125.1
1563,109.1
1564,94.35
1565,94.35
1566,79.4
1567,69.2
1568,60.3
1569,55.85
1570,54.0
1571,60.65
1572,59.85
1573,62.85
1574,64.7
1575,60.45
1576,57.3
1577,56.7
1578,53.9
1579,51.75
1580,49.75
1581,48.9
1582,47.85
1583,45.85
1584,43.85
1585,42.7
1586,46.9
1587,50.6
1588,50.2
1589,55.25
1590,55.15
1591,47.25
1592,60.0
1593,57.6
1594,56.5
1595,57.7
1596,59.3
1597,61.55
1598,65.0
1599,67.4
1600,68.4
1601,72.25
1602,74.95
1603,75.15
1604,77.95
1605,78.1
1606,75.15
1607,71.9
1608,73.55
1609,68.5
1610,68.05
1611,75.95
1612,71.8
1613,85.45
1614,87.7
1615,88.6
1616,90.6
1617,88.95
1618,86.1
1619,84.85
1620,86.5
1621,81.3
1622,88.55
1623,95.65
1624,98.55
1625,103.55
1626,109.3
1627,117.05
1628,120.4
1629,123.4
1630,128.45
1631,122.0
1632,111.7
1633,99.3
1634,96.65
1635,103.4
1636,103.45
1637,106.95
1638,108.35
1639,118.85
1640,122.65
1641,129.75
1642,127.75
1643,128.3
1644,128.45
1645,128.85
1646,126.3
1647,126.35
1648,131.15
1649,131.15
1650,132.35
1651,130.9
1652,129.25
1653,128.4
1654,129.45
1655,124.25
1656,124.75
1657,123.7
1658,121.5
1659,110.85
1660,106.65
1661,106.05
1662,100.85
1663,94.85
1664,94.4
1665,91.0
1666,98.3
1667,96.7
1668,98.85
1669,102.3
1670,107.8
1671,111.45
1672,122.45
1673,129.45
1674,138.6
1675,137.65
1676,144.8
1677,154.5
1678,163.4
1679,169.85
1680,172.45
1681,168.1
1682,166.9
1683,167.55
1684,174.65
1685,184.5
1686,177.1
1687,173.75
1688,165.65
1689,167.8
1690,167.55
1691,171.8
1692,175.85
1693,172.0
1694,164.3
1695,171.9
1696,161.1
1697,156.15
1698,152.25
1699,157.0
1700,167.2
1701,167.4
1702,177.35
1703,188.2
1704,181.9
1705,177.1
1706,184.6
1707,187.85
1708,187.65
1709,186.3
1710,177.35
1711,167.05
1712,158.65
1713,154.75
1714,155.7
1715,149.1
1716,159.25
1717,165.55
1718,165.95
1719,158.45
1720,149.5
1721,160.15
1722,160.2
1723,153.05
1724,151.65
1725,152.45
1726,144.15
1727,142.85
1728,147.1
1729,148.35
1730,156.35
1731,167.7
1732,166.05
1733,169.5
1734,169.35
1735,169.4
1736,162.35
1737,150.35
1738,154.5
1739,161.45
1740,161.55
1741,155.95
1742,150.0
1743,151.1
1744,151.25
1745,154.1
1746,158.35
1747,162.0
1748,159.85
1749,162.8
1750,153.8
1751,143.25
1752,145.6
1753,145.8
1754,153.65
1755,155.05
1756,162.1
1757,175.8
1758,172.95
1759,169.7
1760,168.15
1761,166.8
1762,163.45
1763,159.65
1764,158.8
1765,162.65
1766,159.45
1767,155.5
1768,150.75
1769,147.75
1770,151.05
1771,160.55
1772,158.4
1773,159.9
1774,163.25
1775,164.75
1776,164.65
1777,158.5
1778,162.3
1779,160.0
1780,164.1
1781,169.7
1782,179.0
1783,183.45
1784,181.2
1785,170.35
1786,176.25
1787,175.55
1788,184.55
1789,182.65
1790,179.95
1791,174.45
1792,172.45
1793,176.65
1794,167.35
1795,168.35
1796,161.5
1797,160.45
1798,160.2
1799,160.35
1800,156.95
1801,151.65
1802,144.65
1803,141.9
1804,140.9
1805,140.85
1806,135.05
1807,131.85
1808,126.2
1809,121.65
1810,124.95
1811,122.7
1812,134.55
1813,129.95
1814,125.35
1815,120.25
1816,121.65
1817,117.8
1818,108.45
1819,103.4
1820,99.55
1821,95.85
1822,102.2
1823,99.9
1824,100.35
1825,105.95
1826,102.1
1827,103.35
1828,97.95
1829,108.55
1830,105.5
1831,100.75
1832,85.85
1833,85.85
1834,86.9
1835,85.45
1836,89.35
1837,88.0
1838,90.65
1839,101.1
1840,105.05
1841,108.75
1842,101.35
1843,104.9
1844,113.7
1845,103.9
1846,104.75
1847,105.6
1848,112.35
1849,101.75
1850,102.1
1851,107.95
1852,113.2
1853,107.05
1854,106.05
1855,108.3
1856,107.3
1857,104.5
1858,102.65
1859,97.25
1860,106.7
1861,103.75
1862,108.5
1863,102.9
1864,96.85
1865,109.25
1866,111.45
1867,119.65
1868,126.7
1869,127.45
1870,129.65
1871,133.0
1872,138.95
1873,149.65
1874,153.2
1875,155.35
1876,159.05
1877,175.1
1878,185.75
1879,183.4
1880,171.7
1881,174.2
1882,179.5
1883,187.2
1884,201.6
1885,197.2
1886,204.8
1887,200.15
1888,198.2
1889,209.4
1890,219.7
1891,219.05
1892,218.35
1893,219.3
1894,226.25
1895,219.85
1896,211.55
1897,196.55
1898,184.05
1899,182.3
1900,179.75
1901,173.0
1902,158.5
1903,150.8
1904,133.2
1905,124.75
1906,113.95
1907,121.45
1908,117.6
1909,107.85
1910,98.35
1911,103.45
1912,92.95
1913,94.3
1914,89.65
1915,92.55
1916,96.75
1917,107.35
1918,118.0
1919,120.25
1920,121.25
1921,127.05
1922,133.95
1923,138.05
1924,148.9
1925,153.45
1926,160.3
1927,149.8
1928,146.0
1929,145.1
1930,153.85
1931,151.4
1932,158.9
1933,156.7
1934,158.9
1935,170.65
1936,164.5
1937,159.4
1938,155.2
1939,161.45
1940,163.6
1941,165.85
1942,172.35
1943,175.85
1944,169.95
1945,175.5
1946,180.05
1947,184.3
1948,192.6
1949,202.0
1950,199.65
1951,200.95
1952,203.95
1953,207.2
1954,209.65
1955,200.75
1956,213.55
1957,217.5
1958,221.7
1959,222.7
1960,235.6
1961,236.55
1962,235.65
1963,239.2
1964,245.6
1965,242.15
1966,243.05
1967,247.6
1968,240.3
1969,244.1
1970,244.15
1971,247.45
1972,252.55
1973,250.15
1974,243.35
1975,247.55
1976,243.95
1977,247.2
1978,244.95
1979,237.65
1980,225.5
1981,224.8
1982,228.9
1983,226.3
1984,226.6
1985,234.1
1986,228.5
1987,228.5
1988,235.8
1989,233.4
1990,225.75
1991,224.15
1992,222.3
1993,217.9
1994,219.45
1995,225.75
1996,230.8
1997,220.45
1998,220.25
1999,220.1
2000,221.0
2001,220.4
2002,212.5
2003,206.95
2004,198.65
2005,191.35
2006,188.95
2007,182.45
2008,180.95
2009,174.15
2010,172.15
2011,164.15
2012,153.4
2013,151.3
2014,151.05
2015,137.7
2016,122.15
2017,130.75
2018,126.15
2019,129.1
2020,128.65
2021,125.95
2022,123.7
2023,121.85
2024,119.65
2025,115.5
2026,114.3
2027,115.1
2028,107.0
2029,104.9
2030,107.75
2031,104.75
2032,104.6
2033,102.6
2034,104.8
2035,107.45
2036,107.3
2037,96.5
2038,98.7
2039,95.55
2040,104.85
2041,116.4
2042,123.8
2043,128.8
2044,136.1
2045,146.7
2046,150.95
2047,156.45
2048,169.25
2049,168.35
2050,171.3
2051,175.95
2052,179.6
2053,182.45
2054,178.05
2055,180.05
2056,184.2
2057,188.0
2058,185.55
2059,186.7
2060,179.2
2061,166.65
2062,159.6
2063,157.7
2064,153.05
2065,141.75
2066,137.55
2067,132.0
2068,122.3
2069,130.0
2070,129.0
2071,129.9
2072,125.7
2073,124.5
2074,123.7
2075,121.3
2076,119.15
2077,122.3
2078,124.4
2079,125.75
2080,124.75
2081,134.2
2082,131.15
2083,132.4
2084,134.75
2085,143.1
2086,153.7
2087,154.75
2088,153.75
2089,145.75
2090,144.6
2091,141.15
2092,142.85
2093,144.1
2094,146.1
2095,144.1
2096,147.1
2097,140.95
2098,139.65
2099,138.65
2100,139.1
2101,132.5
2102,138.95
2103,136.8
2104,133.4
2105,126.1
2106,115.45
2107,114.35
2108,115.05
2109,114.45
2110,110.6
2111,111.45
2112,109.6
2113,107.9
2114,109.45
2115,111.65
2116,108.8
2117,106.8
2118,105.4
2119,107.15
2120,107.75
2121,106.3
2122,107.1
2123,108.75
2124,113.4
2125,120.35
2126,128.3
2127,131.5
2128,133.4
2129,135.95
2130,146.85
2131,155.05
2132,164.75
2133,176.45
2134,181.4
2135,193.1
2136,196.0
2137,205.35
2138,212.5
2139,208.85
2140,208.85
2141,204.3
2142,194.3
2143,198.3
2144,191.7
2145,184.1
2146,174.2
2147,169.05
2148,165.5
2149,165.25
2150,157.6
2151,155.75
2152,147.5
2153,131.9
2154,122.3
2155,111.5
2156,105.65
2157,99.45
2158,95.0
2159,96.35
2160,92.35
2161,94.8
2162,96.05
2163,87.25
2164,90.1
2165,98.4
2166,106.65
2167,107.05
2168,114.8
2169,117.25
2170,118.5
2171,108.4
2172,106.85
2173,108.15
2174,121.75
2175,122.95
2176,132.1
2177,130.2
2178,126.1
2179,124.6
2180,124.4
2181,125.35
2182,129.9
2183,131.6
2184,130.55
2185,124.65
2186,116.2
2187,115.25
2188,107.9
2189,114.3
2190,121.5
2191,122.1
2192,122.95
2193,121.25
2194,107.45
2195,101.85
2196,95.55
2197,97.65
2198,98.95
2199,105.6
2200,106.9
2201,110.55
2202,108.1
2203,114.8
2204,125.25
2205,123.55
2206,125.65
2207,121.45
2208,122.65
2209,110.2
2210,99.8
2211,103.9
2212,105.85
2213,113.05
2214,116.6
2215,113.85
2216,112.75
2217,113.95
2218,110.85
2219,107.45
2220,111.9
2221,116.5
2222,126.35
2223,123.5
2224,122.1
2225,133.95
2226,133.55
2227,148.4
2228,147.05
2229,161.8
2230,166.7
2231,172.35
2232,178.2
2233,177.15
2234,176.6
2235,188.9
2236,187.45
2237,184.65
2238,187.25
2239,188.35
2240,186.75
2241,179.15
2242,170.85
2243,175.4
2244,173.2
2245,165.35
2246,168.3
2247,159.65
2248,169.65
2249,165.6
2250,166.9
2251,165.65
2252,156.85
2253,159.75
2254,156.95
2255,146.15
2256,148.8
2257,156.35
2258,158.85
2259,162.9
2260,161.15
2261,165.1
2262,163.3
2263,159.9
2264,158.5
2265,158.0
2266,157.0
2267,154.7
2268,149.85
2269,142.1
2270,132.6
2271,124.4
2272,122.75
2273,116.05
2274,114.65
2275,114.55
2276,110.55
2277,100.25
2278,94.75
2279,84.45
2280,83.25
2281,76.5
2282,80.2
2283,74.95
2284,69.65
2285,63.05
2286,56.75
2287,55.4
2288,45.95
2289,54.0
2290,62.4
2291,66.15
2292,68.2
2293,69.85
2294,80.75
2295,83.3
2296,88.35
2297,94.35
2298,96.2
2299,97.55
2300,96.25
2301,95.3
2302,90.25
2303,98.75
2304,98.55
2305,113.75
2306,118.45
2307,133.7
2308,138.7
2309,130.55
2310,126.2
2311,121.7
2312,121.55
2313,128.1
2314,122.15
2315,118.8
2316,118.0
2317,115.85
2318,115.05
2319,117.65
2320,117.6
2321,122.15
2322,126.25
2323,118.15
2324,121.05
2325,117.9
2326,121.05
2327,108.15
2328,113.05
2329,110.7
2330,117.35
2331,121.35
2332,126.55
2333,130.25
2334,132.55
2335,136.5
2336,139.5
2337,142.8
2338,143.8
2339,147.3
2340,155.2
2341,155.35
2342,153.5
2343,154.85
2344,153.4
2345,145.55
2346,148.3
2347,155.6
2348,157.7
2349,168.5
2350,166.7
2351,175.65
2352,176.3
2353,177.1
2354,174.95
2355,183.3
2356,182.85
2357,179.4
2358,179.05
2359,182.6
2360,190.1
2361,188.6
2362,194.3
2363,204.85
2364,206.4
2365,210.7
2366,206.85
2367,198.05
2368,192.65
2369,186.45
2370,178.25
2371,171.9
2372,165.1
2373,155.65
2374,162.8
2375,154.85
2376,153.25
2377,155.55
2378,166.05
2379,159.25
2380,145.15
2381,147.25
2382,140.0
2383,141.05
2384,142.65
2385,139.4
2386,134.85
2387,136.5
2388,133.1
2389,133.8
2390,139.1
2391,137.25
2392,139.1
2393,138.35
2394,130.6
2395,128.25
2396,128.05
2397,124.25
2398,115.05
2399,118.45
2400,117.65
2401,119.05
2402,121.6
2403,110.75
2404,107.75
2405,108.1
2406,116.8
2407,117.45
2408,120.5
2409,125.15
2410,121.35
2411,126.55
2412,128.8
2413,129.85
2414,132.3
2415,135.8
2416,144.4
2417,153.5
2418,165.2
2419,164.7
2420,170.1
2421,167.55
2422,165.75
2423,167.05
2424,167.05
2425,169.45
2426,169.05
2427,172.55
2428,173.3
2429,168.05
2430,169.55
2431,165.05
2432,164.75
2433,172.25
2434,171.4
2435,173.9
2436,169.3
2437,170.75
2438,165.35
2439,163.85
2440,164.25
2441,166.15
2442,171.25
2443,170.7
2444,178.6
2445,177.55
2446,175.25
2447,172.45
2448,174.85
2449,184.25
2450,187.65
2451,189.65
2452,199.85
2453,194.65
2454,197.3
2455,198.65
2456,203.95
2457,195.05
2458,199.8
2459,200.15
2460,198.5
2461,203.75
2462,209.3
2463,210.3
2464,203.4
2465,208.95
2466,208.55
2467,209.15
2468,203.75
2469,190.05
2470,186.15
2471,178.35
2472,169.15
2473,166.25
2474,162.0
2475,157.65
2476,148.65
2477,149.8
2478,140.75
2479,140.25
2480,138.9
2481,131.45
2482,122.6
2483,119.85
2484,118.85
2485,108.35
2486,101.55
2487,96.55
2488,97.55
2489,101.55
2490,100.55
2491,109.4
2492,107.4
2493,108.2
2494,107.2
2495,107.2
2496,105.9
2497,100.9
2498,98.9
2499,94.05
2500,89.9
2501,88.5
2502,89.5
2503,94.7
2504,93.0
2505,97.85
2506,104.05
2507,108.9
2508,107.9
2509,104.9
2510,103.9
2511,96.85
2512,92.05
2513,90.1
2514,91.1
2515,90.9
2516,89.9
2517,93.75
2518,94.55
2519,95.7
2520,98.85
2521,98.75
2522,92.75
2523,90.35
2524,92.25
2525,89.4
2526,86.85
2527,81.0
2528,79.0
2529,76.0
2530,77.0
2531,75.0
2532,77.8
2533,73.75
2534,70.2
2535,69.85
2536,71.85
2537,71.0
2538,71.4
2539,69.1
2540,66.95
2541,66.45
2542,68.15
2543,61.55
2544,62.55
2545,62.55
2546,59.1
2547,61.1
2548,60.1
2549,61.3
2550,60.3
2551,62.3
2552,61.3
2553,64.1
2554,67.65
2555,64.2
2556,67.0
2557,65.0
2558,64.65
2559,66.8
2560,65.95
2561,65.15
2562,64.45
2563,68.3
2564,63.1
2565,64.15
2566,65.95
2567,64.95
2568,65.95
2569,66.75
2570,64.75
2571,63.6
2572,78.85
2573,80.45
2574,76.85
2575,83.05
2576,79.3
2577,91.05
2578,93.75
2579,92.8
2580,95.4
2581,93.2
2582,93.2
2583,89.15
2584,88.6
2585,84.55
2586,85.8
2587,86.0
2588,92.65
2589,90.65
2590,91.65
2591,95.8
2592,77.55
2593,73.15
2594,70.75
2595,62.55
2596,58.5
2597,45.6
2598,39.85
2599,40.65
2600,37.05
2601,46.8
2602,51.7
2603,57.95
2604,63.75
2605,71.6
2606,70.35
2607,73.15
2608,67.5
2609,71.0
2610,71.2
2611,66.05
2612,71.5
2613,71.5
2614,72.5
2615,75.7
2616,79.9
2617,82.5
2618,84.7
2619,83.85
2620,86.75
2621,81.0
2622,75.1
2623,68.85
2624,63.6
2625,58.2
2626,59.2
2627,58.2
2628,62.2
2629,62.7
2630,63.55
2631,66.35
2632,65.9
2633,70.6
2634,74.45
2635,74.25
2636,72.05
2637,70.6
2638,71.7
2639,74.7
2640,76.55
2641,77.8
2642,82.1
2643,86.55
2644,90.6
2645,96.7
2646,99.75
2647,102.85
2648,99.05
2649,101.65
2650,115.2
2651,115.5
2652,113.5
2653,114.8
2654,113.9
2655,113.45
2656,115.1
2657,114.3
2658,110.2
2659,106.45
2660,101.7
2661,100.5
2662,96.2
2663,92.75
2664,89.6
2665,82.05
2666,77.9
2667,74.7
2668,74.5
2669,67.9
2670,59.3
2671,55.35
2672,56.35
2673,53.75
2674,60.15
2675,71.1
2676,68.45
2677,75.9
2678,82.8
2679,95.6
2680,102.65
2681,107.85
2682,114.4
2683,126.1
2684,130.05
2685,140.55
2686,155.95
2687,158.1
2688,166.6
2689,172.2
2690,174.7
2691,178.8
2692,177.5
2693,185.35
2694,182.05
2695,186.75
2696,195.35
2697,195.1
2698,204.15
2699,195.8
2700,203.85
2701,207.1
2702,214.25
2703,214.05
2704,220.7
2705,220.9
2706,215.1
2707,217.3
2708,216.55
2709,219.45
2710,213.65
2711,222.7
2712,229.25
2713,229.0
2714,222.35
2715,206.35
2716,203.6
2717,202.45
2718,195.35
2719,200.85
2720,192.0
2721,195.05
2722,187.35
2723,185.3
2724,182.8
2725,181.1
2726,175.45
2727,174.05
2728,173.2
2729,171.95
2730,180.7
2731,174.35
2732,169.25
2733,162.3
2734,173.5
2735,176.8
2736,174.0
2737,174.5
2738,169.2
2739,162.9
2740,171.0
2741,158.75
2742,158.35
2743,157.0
2744,155.7
2745,151.0
2746,150.35
2747,144.5
2748,140.5
2749,137.15
2750,127.7
2751,123.75
2752,126.65
2753,123.8
2754,115.2
2755,120.4
2756,119.85
2757,116.05
2758,115.5
2759,116.25
2760,113.1
2761,122.45
2762,122.65
2763,119.0
2764,111.3
2765,111.9
2766,105.7
2767,109.0
2768,107.95
2769,106.9
2770,108.1
2771,108.25
2772,106.0
2773,104.8
2774,109.1
2775,105.2
2776,108.2
2777,112.3
2778,116.8
2779,118.4
2780,111.0
2781,102.1
2782,107.8
2783,108.1
2784,119.6
2785,121.7
2786,134.2
2787,141.65
2788,149.5
2789,155.45
2790,155.1
2791,160.0
2792,168.2
2793,173.2
2794,173.95
2795,168.2
2796,162.7
2797,166.35
2798,161.65
2799,161.25
2800,160.35
2801,158.85
2802,147.7
2803,142.15
2804,130.65
2805,124.6
2806,116.2
2807,106.45
2808,96.6
2809,90.15
2810,85.3
2811,79.2
2812,70.1
2813,65.1
2814,62.05
2815,64.7
2816,65.7
2817,56.0
2818,55.25
2819,49.4
2820,50.15
2821,50.75
2822,51.4
2823,53.4
2824,53.4
2825,55.15
2826,52.05
2827,50.05
2828,47.2
2829,46.0
2830,48.0
2831,56.75
2832,55.3
2833,58.3
2834,54.3
2835,53.8
2836,53.7
2837,55.6
2838,56.6
2839,57.85
2840,58.45
2841,68.6
2842,72.05
2843,71.85
2844,72.85
2845,72.55
2846,74.3
2847,74.5
2848,74.5
2849,75.25
2850,75.1
2851,69.35
2852,68.9
2853,68.3
2854,72.1
2855,70.9
2856,71.45
2857,70.55
2858,66.5
2859,64.45
2860,60.2
2861,47.2
2862,43.75
2863,44.95
2864,47.95
2865,50.35
2866,50.6
2867,53.4
2868,56.4
2869,58.5
2870,59.65
2871,56.85
2872,55.85
2873,53.45
2874,56.65
2875,58.85
2876,62.0
2877,62.0
2878,66.05
2879,74.15
2880,76.15
2881,82.15
2882,84.35
2883,87.05
2884,86.05
2885,81.7
2886,86.35
2887,91.95
2888,90.95
2889,92.4
2890,93.6
2891,95.8
2892,95.8
2893,99.6
2894,94.6
2895,92.4
2896,87.0
2897,85.0
2898,81.8
2899,73.5
2900,73.15
2901,71.55
2902,72.8
2903,71.9
2904,73.9
2905,76.65
2906,73.65
2907,75.05
2908,77.45
2909,73.65
2910,74.85
2911,83.15
2912,87.35
2913,89.45
2914,101.15
2915,105.4
2916,111.75
2917,114.4
2918,115.45
2919,119.45
2920,116.8
2921,125.25
2922,128.35
2923,127.0
2924,129.75
2925,126.8
2926,127.15
2927,119.95
2928,121.45
2929,125.0
2930,122.8
2931,116.4
2932,118.35
2933,113.35
2934,105.45
2935,99.65
2936,102.0
2937,102.7
2938,104.05
2939,104.05
2940,110.55
2941,109.45
2942,106.05
2943,110.8
2944,115.1
2945,131.05
2946,138.55
2947,143.9
2948,144.0
2949,145.5
2950,147.75
2951,145.75
2952,142.8
2953,152.1
2954,149.75
2955,159.3
2956,154.35
2957,152.0
2958,164.3
2959,170.0
2960,164.55
2961,163.35
2962,162.25
2963,161.45
2964,154.3
2965,140.1
2966,132.45
2967,135.8
2968,136.0
2969,133.6
2970,129.35
2971,129.25
2972,126.1
2973,115.75
2974,115.3
2975,110.15
2976,106.85
2977,110.15
2978,97.8
2979,88.1
2980,90.25
2981,83.7
2982,79.65
2983,82.4
2984,81.5
2985,83.15
2986,87.2
2987,85.05
2988,84.15
2989,86.35
2990,92.6
2991,95.7
2992,102.45
2993,108.05
2994,108.05
2995,115.7
2996,118.9
2997,123.1
2998,124.95
2999,127.5
3000,139.35
3001,142.75
3002,148.7
3003,154.15
3004,158.7
3005,165.55
3006,157.85
3007,156.5
3008,156.05
3009,152.6
3010,149.85
3011,156.1
3012,152.4
3013,156.95
3014,154.8
3015,149.25
3016,149.25
3017,143.95
3018,144.95
3019,154.15
3020,144.3
3021,144.9
3022,145.0
3023,132.45
3024,136.8
3025,132.05
3026,143.85
3027,141.35
3028,154.4
3029,163.85
3030,165.55
3031,167.7
3032,170.2
3033,170.75
3034,184.4
3035,184.4
3036,195.0
3037,199.75
3038,210.4
3039,210.15
3040,223.15
3041,224.5
3042,230.95
3043,233.8
3044,232.4
3045,242.25
3046,239.1
3047,247.9
3048,245.45
3049,237.6
3050,240.25
3051,236.25
3052,247.0
3053,242.2
3054,235.4
3055,240.95
3056,242.85
3057,251.15
3058,251.95
3059,251.05
3060,239.05
3061,239.55
3062,235.7
3063,245.1
3064,240.05
3065,231.2
3066,224.35
3067,214.9
3068,205.75
3069,214.1
3070,208.9
3071,210.6
3072,198.95
3073,198.05
3074,195.95
3075,188.35
3076,183.55
3077,168.85
3078,158.6
3079,155.65
3080,156.85
3081,151.0
3082,151.45
3083,139.8
3084,136.25
3085,133.25
3086,136.5
3087,139.15
3088,138.3
3089,127.55
3090,129.4
3091,129.55
3092,133.15
3093,130.3
3094,127.0
3095,129.1
3096,123.4
3097,129.3
3098,132.05
3099,130.4
3100,127.0
3101,128.0
3102,127.75
3103,130.9
3104,136.8
3105,139.5
3106,148.05
3107,148.4
3108,154.95
3109,160.7
3110,163.4
3111,160.85
3112,158.55
3113,169.05
3114,178.8
3115,178.85
3116,181.3
3117,184.85
3118,181.3
3119,186.1
3120,186.1
3121,189.4
3122,186.55
3123,185.55
3124,178.75
3125,176.5
3126,169.9
3127,165.05
3128,159.25
3129,154.1
3130,146.7
3131,136.9
3132,140.9
3133,137.1
3134,130.9
3135,123.85
3136,118.55
3137,121.55
3138,121.1
3139,115.6
3140,119.05
3141,117.95
3142,122.4
3143,128.8
3144,129.0
3145,134.2
3146,143.2
3147,145.25
3148,141.65
3149,143.85
3150,146.25
3151,150.3
3152,144.3
3153,143.4
3154,146.6
3155,158.25
3156,160.25
3157,148.25
3158,149.45
3159,151.55
3160,151.1
3161,150.9
3162,142.45
3163,140.45
3164,141.9
3165,136.95
3166,124.05
3167,124.0
3168,128.4
3169,126.35
3170,126.95
3171,125.9
3172,123.9
3173,123.1
3174,115.85
3175,108.2
3176,110.2
3177,109.2
3178,106.2
3179,104.8
3180,104.45
3181,107.65
3182,110.65
3183,106.25
3184,105.6
3185,104.5
3186,111.0
3187,110.45
3188,108.35
3189,105.35
3190,107.6
3191,106.6
3192,114.4
3193,112.55
3194,115.55
3195,115.55
3196,112.75
3197,118.9
3198,118.15
3199,118.35
3200,124.9
3201,116.9
3202,114.1
3203,118.95
3204,117.95
3205,118.4
3206,112.55
3207,119.45
3208,117.75
3209,120.95
3210,117.1
3211,118.25
3212,109.9
3213,107.45
3214,103.65
3215,103.85
3216,103.85
3217,99.9
3218,102.45
3219,102.35
3220,94.45
3221,99.85
3222,102.65
3223,96.65
3224,99.85
3225,97.85
3226,94.9
3227,87.5
3228,86.3
3229,85.5
3230,92.25
3231,87.3
3232,88.65
3233,91.85
3234,96.1
3235,96.65
3236,96.25
3237,98.75
3238,104.95
3239,106.35
3240,109.05
3241,108.55
3242,108.9
3243,107.05
3244,107.4
3245,108.15
3246,108.35
3247,104.9
3248,104.9
3249,105.35
3250,98.2
3251,100.8
3252,102.0
3253,98.1
3254,92.15
3255,90.4
3256,88.65
3257,85.8
3258,78.65
3259,71.15
3260,65.15
3261,59.05
3262,56.9
3263,55.95
3264,51.9
3265,51.2
3266,56.0
3267,55.7
3268,57.9
3269,55.55
3270,55.7
3271,56.7
3272,53.7
3273,60.55
3274,62.45
3275,64.65
3276,66.6
3277,72.6
3278,73.35
3279,77.35
3280,82.0
3281,84.0
3282,86.65
3283,98.6
3284,99.3
3285,102.25
3286,101.25
3287,107.85
3288,105.65
3289,107.15
3290,110.0
3291,112.2
3292,119.2
3293,118.65
3294,124.3
3295,122.1
3296,126.1
3297,121.1
3298,122.3
3299,128.9
3300,129.05
3301,131.05
3302,132.2
3303,122.4
3304,124.4
3305,126.85
3306,130.5
3307,129.7
3308,135.55
3309,135.55
3310,137.65
3311,135.4
3312,141.75
3313,135.45
3314,134.0
3315,138.2
3316,134.45
3317,144.25
3318,144.25
3319,148.45
3320,148.65
3321,156.15
3322,159.7
3323,161.5
3324,163.1
3325,158.85
3326,156.25
3327,166.45
3328,171.05
3329,184.85
3330,187.6
3331,191.05
3332,189.7
3333,194.7
3334,197.15
3335,194.4
3336,190.15
3337,179.5
3338,177.2
3339,174.9
3340,183.7
3341,176.05
3342,180.25
3343,186.7
3344,190.4
3345,197.9
3346,198.5
3347,195.15
3348,190.2
3349,178.45
3350,176.55
3351,181.85
3352,180.35
3353,184.85
3354,186.7
3355,194.75
3356,212.95
3357,211.8
3358,207.1
3359,200.6
3360,185.1
3361,182.0
3362,169.25
3363,170.1
3364,159.6
3365,148.1
3366,156.4
3367,144.55
3368,144.25
3369,144.1
3370,136.15
3371,129.5
3372,132.0
3373,134.45
3374,127.0
3375,116.5
3376,100.3
3377,103.9
3378,113.85
3379,114.2
3380,119.0
3381,132.6
3382,137.05
3383,129.95
3384,140.85
3385,154.55
3386,147.2
3387,152.05
3388,150.3
3389,146.6
3390,148.6
3391,151.75
3392,138.75
3393,132.5
3394,142.7
3395,144.0
3396,147.85
3397,145.25
3398,148.75
3399,144.4
3400,152.8
3401,143.65
3402,149.4
3403,153.45
3404,146.55
3405,136.7
3406,132.55
3407,129.55
3408,128.05
3409,128.85
3410,126.85
3411,117.85
3412,123.05
3413,118.35
3414,105.9
3415,104.6
3416,100.75
3417,105.8
3418,94.35
3419,92.35
3420,82.85
3421,80.65
3422,69.45
3423,62.2
3424,59.2
3425,59.2
3426,55.75
3427,55.9
3428,52.95
3429,53.95
3430,54.95
3431,55.95
3432,51.75
3433,49.75
3434,50.75
3435,48.75
3436,51.2
3437,49.3
3438,58.1
3439,63.3
3440,66.75
3441,74.2
3442,78.4
3443,84.15
3444,93.15
3445,91.3
3446,103.05
3447,108.9
3448,111.7
3449,116.5
3450,124.5
3451,129.5
3452,132.95
3453,136.95
3454,147.45
3455,152.45
3456,151.0
3457,152.0
3458,146.65
3459,147.15
3460,143.7
3461,144.65
3462,153.05
3463,149.9
3464,148.5
3465,150.3
3466,145.2
3467,147.35
3468,152.35
3469,149.0
3470,143.6
3471,143.2
3472,144.35
3473,141.15
3474,135.25
3475,135.05
3476,138.85
3477,137.45
3478,146.8
3479,144.7
3480,147.3
3481,142.3
3482,145.15
3483,146.65
3484,154.65
3485,154.15
3486,159.0
3487,153.3
3488,149.5
3489,158.1
3490,167.0
3491,173.9
3492,173.1
3493,177.75
3494,179.75
3495,183.55
3496,183.0
3497,187.25
3498,183.3
3499,185.75
3500,186.2
3501,184.65
3502,173.5
3503,180.9
3504,177.45
3505,177.45
3506,169.15
3507,169.85
3508,172.85
3509,167.8
3510,160.0
3511,148.35
3512,146.55
3513,145.0
3514,145.35
3515,141.55
3516,137.6
3517,127.75
3518,116.9
3519,110.7
3520,105.5
3521,107.9
3522,106.95
3523,100.05
3524,90.1
3525,87.8
3526,87.6
3527,83.5
3528,82.4
3529,77.6
3530,74.2
3531,79.45
3532,80.5
3533,77.65
3534,71.65
3535,68.9
3536,68.95
3537,69.8
3538,73.25
3539,76.95
3540,79.75
3541,75.95
3542,71.6
3543,76.55
3544,77.6
3545,77.1
3546,80.3
3547,84.15
3548,84.3
3549,82.1
3550,82.8
3551,78.7
3552,74.7
3553,73.65
3554,72.0
3555,73.15
3556,77.35
3557,77.95
3558,87.85
3559,89.3
3560,92.4
3561,92.3
3562,96.05
3563,97.2
3564,102.0
3565,105.8
3566,102.6
3567,105.5
3568,103.4
3569,105.6
3570,110.5
3571,115.6
3572,120.0
3573,127.5
3574,129.25
3575,134.75
3576,134.65
3577,138.2
3578,131.85
3579,131.0
3580,128.25
3581,128.9
3582,128.15
3583,118.45
3584,117.6
3585,119.85
3586,117.15
3587,115.7
3588,116.55
3589,116.2
3590,116.0
3591,114.2
3592,112.0
3593,107.35
3594,116.5
3595,115.0
3596,112.55
3597,116.35
3598,116.55
3599,115.4
3600,117.7
3601,121.35
3602,124.35
3603,125.65
3604,123.45
3605,122.2
3606,127.4
3607,125.4
3608,122.0
3609,134.6
3610,142.2
3611,144.35
3612,154.6
3613,160.75
3614,155.4
3615,154.7
3616,163.55
3617,162.6
3618,162.65
3619,161.65
3620,161.35
3621,159.0
3622,156.75
3623,157.8
3624,155.8
3625,155.65
3626,164.95
3627,167.65
3628,169.25
3629,156.1
3630,148.8
3631,156.75
3632,147.0
3633,138.0
3634,135.55
3635,136.25
3636,128.4
3637,125.55
3638,121.3
3639,125.5
3640,120.5
3641,118.15
3642,120.8
3643,120.65
3644,120.1
3645,121.05
3646,112.45
3647,109.15
3648,112.45
3649,114.15
3650,114.35
3651,106.35
3652,107.25
3653,108.25
3654,108.95
3655,105.95
3656,107.75
3657,110.25
3658,114.25
3659,110.5
3660,115.95
3661,117.0
3662,116.8
3663,117.6
3664,120.35
3665,116.55
3666,116.25
3667,116.5
3668,116.25
3669,117.45
3670,115.05
3671,121.05
3672,128.1
3673,130.1
3674,130.0
3675,132.55
3676,131.95
3677,131.55
3678,129.75
3679,134.3
3680,132.05
3681,135.05
3682,133.8
3683,131.6
3684,129.4
3685,129.55
3686,124.65
3687,125.8
3688,131.5
3689,130.5
3690,133.3
3691,125.85
3692,119.15
3693,118.95
3694,116.7
3695,118.75
3696,118.55
3697,116.6
3698,117.6
3699,112.8
3700,109.6
3701,110.6
3702,111.3
3703,109.7
3704,113.4
3705,113.95
3706,118.05
3707,120.05
3708,111.95
3709,112.3
3710,113.6
3711,113.4
3712,117.8
3713,116.75
3714,127.3
3715,121.0
3716,118.25
3717,114.15
3718,109.2
3719,110.7
3720,121.2
3721,117.45
3722,117.45
3723,119.6
3724,117.6
3725,126.1
3726,125.5
3727,131.0
3728,141.2
3729,139.85
3730,136.3
3731,144.45
3732,141.1
3733,142.85
3734,135.55
3735,141.25
3736,148.2
3737,153.25
3738,163.1
3739,168.4
3740,157.55
3741,158.75
3742,159.85
3743,160.25
3744,155.55
3745,151.25
3746,148.15
3747,136.85
3748,129.15
3749,130.1
3750,129.75
3751,125.35
3752,122.1
3753,124.1
3754,124.15
3755,117.95
3756,111.6
3757,108.7
3758,100.8
3759,100.25
3760,103.8
3761,99.35
3762,99.45
3763,95.5
3764,96.5
3765,99.3
3766,104.95
3767,105.75
3768,100.8
3769,99.5
3770,101.4
3771,102.4
3772,104.2
3773,101.15
3774,101.55
3775,107.45
3776,110.0
3777,109.45
3778,109.95
3779,103.35
3780,104.5
3781,107.65
3782,106.0
3783,110.95
3784,114.75
3785,107.45
3786,103.4
3787,104.6
3788,110.4
3789,114.75
3790,112.7
3791,106.2
3792,105.0
3793,104.8
3794,104.1
3795,100.05
3796,99.9
3797,101.0
3798,100.35
3799,99.9
3800,97.05
3801,97.75
3802,100.25
3803,101.6
3804,101.8
3805,108.3
3806,107.35
3807,106.15
3808,102.6
3809,100.45
3810,102.8
3811,104.8
3812,107.4
3813,105.15
3814,104.4
3815,103.4
3816,101.0
3817,99.45
3818,101.05
3819,104.85
3820,102.8
3821,105.95
3822,106.1
3823,101.8
3824,97.6
3825,89.6
3826,90.4
3827,92.4
3828,90.95
3829,88.9
3830,84.9
3831,80.95
3832,74.95
3833,75.8
3834,74.4
3835,78.9
3836,80.6
3837,79.25
3838,76.8
3839,73.5
3840,77.45
3841,68.45
3842,68.25
3843,67.55
3844,68.0
3845,72.9
3846,78.65
3847,75.0
3848,75.0
3849,72.45
3850,70.15
3851,74.45
3852,77.25
3853,82.2
3854,79.05
3855,71.7
3856,75.05
3857,76.0
3858,75.8
3859,80.9
3860,76.5
3861,78.35
3862,73.1
3863,72.7
3864,74.9
3865,72.5
3866,69.0
3867,79.55
3868,79.45
3869,82.3
3870,84.3
3871,78.8
3872,76.2
3873,77.3
3874,78.55
3875,80.6
3876,80.1
3877,81.75
3878,81.5
3879,77.75
3880,77.95
3881,80.55
3882,79.35
3883,86.9
3884,86.9
3885,84.6
3886,91.4
3887,85.0
3888,84.95
3889,89.85
3890,88.15
3891,89.15
3892,88.15
3893,84.4
3894,86.15
3895,85.35
3896,83.05
3897,80.5
3898,80.2
3899,80.95
3900,85.6
3901,82.15
3902,81.15
3903,75.35
3904,74.75
3905,76.7
3906,70.85
3907,75.75
3908,87.55
3909,83.5
3910,87.0
3911,93.2
3912,97.4
3913,99.95
3914,104.6
3915,110.25
3916,117.9
3917,120.65
3918,125.8
3919,125.2
3920,123.75
3921,127.3
3922,135.75
3923,139.0
3924,139.25
3925,138.35
3926,137.1
3927,131.7
3928,120.05
3929,118.1
3930,117.25
3931,111.2
3932,110.4
3933,105.7
3934,98.6
3935,93.7
3936,89.05
3937,86.6
3938,81.0
3939,77.6
3940,82.2
3941,78.65
3942,73.95
3943,75.05
3944,71.95
3945,71.5
3946,71.5
3947,67.7
3948,64.7
3949,62.5
3950,62.3
3951,60.3
3952,58.55
3953,59.35
3954,60.55
3955,58.75
3956,53.25
3957,53.9
3958,59.75
3959,59.75
3960,51.95
3961,52.8
3962,53.6
3963,46.0
3964,45.2
3965,44.1
3966,42.8
3967,47.8
3968,53.4
3969,55.45
3970,53.4
3971,55.85
3972,58.15
3973,58.3
3974,62.0
3975,63.2
3976,63.55
3977,65.1
3978,62.85
3979,70.65
3980,76.6
3981,80.6
3982,77.05
3983,79.55
3984,85.35
3985,88.35
3986,94.65
3987,95.05
3988,99.45
3989,104.45
3990,108.25
3991,109.6
3992,111.9
3993,113.55
3994,111.25
3995,114.45
3996,114.1
3997,114.5
3998,116.9
3999,113.9
4000,112.55
4001,113.3
4002,117.7
4003,114.0
4004,112.85
4005,118.95
4006,113.15
4007,109.35
4008,102.95
4009,98.9
4010,97.5
4011,101.15
4012,101.5
4013,100.7
4014,100.9
4015,102.1
4016,101.5
4017,104.7
4018,104.5
4019,105.7
4020,102.9
4021,103.1
4022,102.5
4023,109.3
4024,111.05
4025,113.2
4026,115.9
4027,118.25
4028,123.0
4029,131.8
4030,131.95
4031,130.2
4032,129.2
4033,131.2
4034,132.4
4035,133.1
4036,134.55
4037,132.6
4038,131.8
4039,128.55
4040,129.55
4041,130.35
4042,131.35
4043,128.4
4044,126.45
4045,120.0
4046,117.1
4047,121.55
4048,119.25
4049,112.65
4050,114.15
4051,117.0
4052,112.2
4053,108.4
4054,112.05
4055,106.55
4056,111.4
4057,108.45
4058,104.45
4059,100.7
4060,104.7
4061,102.3
4062,100.1
4063,100.15
4064,101.8
4065,100.15
4066,97.35
4067,88.75
4068,88.05
4069,86.1
4070,87.4
4071,81.85
4072,85.25
4073,85.25
4074,80.05
4075,83.45
4076,85.35
4077,85.35
4078,86.35
4079,91.55
4080,86.4
4081,84.0
4082,84.1
4083,80.6
4084,76.0
4085,78.15
4086,78.95
4087,86.95
4088,83.6
4089,83.35
4090,81.25
4091,78.45
4092,78.7
4093,77.9
4094,75.65
4095,73.45
4096,67.25
4097,66.15
4098,66.25
4099,62.05
4100,63.2
4101,62.4
4102,62.5
4103,64.3
4104,68.9
4105,63.95
4106,71.05
4107,63.05
4108,63.05
4109,67.95
4110,64.55
4111,69.3
4112,65.65
4113,68.85
4114,72.0
4115,75.7
4116,71.9
4117,79.1
4118,79.65
4119,81.4
4120,79.75
4121,85.95
4122,83.8
4123,89.4
4124,85.3
4125,90.2
4126,81.5
4127,82.5
4128,88.55
4129,84.25
4130,83.8
4131,83.65
4132,87.85
4133,87.95
4134,86.4
4135,84.7
4136,90.5
4137,87.45
4138,85.8
4139,87.45
4140,89.3
4141,85.95
4142,88.1
4143,85.5
4144,97.2
4145,94.25
4146,102.85
4147,111.45
4148,107.5
4149,110.9
4150,116.75
4151,116.6
4152,117.9
4153,120.4
4154,132.0
4155,134.55
4156,130.55
4157,129.6
4158,131.6
4159,131.2
4160,138.85
4161,146.2
4162,149.4
4163,148.2
4164,141.4
4165,142.2
4166,139.2
4167,131.6
4168,130.5
4169,129.3
4170,127.1
4171,130.65
4172,130.15
4173,128.15
4174,120.75
4175,118.9
4176,122.9
4177,120.7
4178,121.15
4179,121.15
4180,114.3
4181,104.9
4182,103.5
4183,103.5
4184,102.4
4185,100.85
4186,100.05
4187,102.05
4188,103.05
4189,102.25
4190,105.6
4191,104.85
4192,105.85
4193,107.65
4194,113.65
4195,113.75
4196,109.75
4197,111.75
4198,110.3
4199,111.3
4200,115.3
4201,116.3
4202,114.5
4203,113.5
4204,109.5
4205,110.05
4206,111.15
4207,110.15
4208,112.15
4209,110.15
4210,106.15
4211,104.0
4212,100.65
4213,97.4
4214,89.35
4215,91.45
4216,102.55
4217,108.15
4218,107.35
4219,105.35
4220,99.25
4221,100.4
4222,99.4
4223,97.4
4224,96.4
4225,97.1
4226,91.8
4227,90.1
4228,84.55
4229,84.4
4230,81.4
4231,79.8
4232,83.55
4233,79.85
4234,81.8
4235,84.3
4236,75.65
4237,68.25
4238,71.4
4239,70.25
4240,71.35
4241,67.45
4242,68.5
4243,72.9
4244,74.7
4245,74.05
4246,78.15
4247,76.05
4248,78.65
4249,78.9
4250,80.75
4251,78.35
4252,76.65
4253,78.65
4254,74.75
4255,69.0
4256,63.55
4257,67.4
4258,63.05
4259,64.4
4260,64.4
4261,65.2
4262,61.15
4263,62.6
4264,61.8
4265,59.75
4266,58.25
4267,62.15
4268,60.1
4269,61.0
4270,65.0
4271,67.7
4272,66.65
4273,69.25
4274,71.7
4275,81.1
4276,83.15
4277,80.15
4278,79.35
4279,81.95
4280,79.95
4281,79.1
4282,83.3
4283,84.0
4284,87.7
4285,90.1
4286,91.4
4287,103.7
4288,112.7
4289,115.95
4290,116.7
4291,116.25
4292,117.25
4293,124.3
4294,126.6
4295,113.35
4296,116.55
4297,115.85
4298,119.85
4299,125.25
4300,130.35
4301,144.3
4302,148.35
4303,148.8
4304,146.65
4305,147.3
4306,145.2
4307,131.3
4308,122.95
4309,116.0
4310,108.4
4311,104.85
4312,101.6
4313,90.9
4314,86.7
4315,87.0
4316,81.75
4317,79.6
4318,75.4
4319,65.7
4320,58.6
4321,43.65
4322,36.7
4323,30.6
4324,29.4
4325,26.85
4326,33.05
4327,34.5
4328,45.75
4329,53.6
4330,68.7
4331,78.25
4332,81.55
4333,95.85
4334,107.45
4335,123.25
4336,140.3
4337,152.0
4338,160.1
4339,171.1
4340,177.4
4341,183.95
4342,187.75
4343,190.2
4344,196.15
4345,204.35
4346,207.45
4347,216.2
4348,218.95
4349,226.7
4350,216.45
4351,211.45
4352,212.2
4353,203.0
4354,192.55
4355,180.75
4356,165.7
4357,158.2
4358,157.5
4359,154.05
4360,161.8
4361,161.1
4362,161.15
4363,159.85
4364,167.8
4365,163.6
4366,158.7
4367,147.45
4368,149.75
4369,146.35
4370,148.7
4371,155.6
4372,158.35
4373,158.45
4374,162.25
4375,162.15
4376,172.65
4377,176.25
4378,178.3
4379,173.45
4380,170.6
4381,179.95
4382,177.8
4383,178.75
4384,169.0
4385,170.9
4386,168.9
4387,172.3
4388,162.65
4389,162.15
4390,165.7
4391,168.35
4392,161.35
4393,160.35
4394,153.85
4395,157.65
4396,152.25
4397,146.45
4398,144.0
4399,146.15
4400,146.4
4401,137.1
4402,140.3
4403,142.7
4404,144.2
4405,142.7
4406,144.6
4407,148.95
4408,150.9
4409,144.95
4410,140.05
4411,139.85
4412,142.5
4413,144.7
4414,148.15
4415,147.3
4416,152.4
4417,157.45
4418,160.4
4419,160.4
4420,162.3
4421,173.35
4422,172.15
4423,169.75
4424,166.75
4425,164.65
4426,160.2
4427,157.45
4428,152.2
4429,159.25
4430,160.25
4431,150.35
4432,152.15
4433,149.15
4434,151.35
4435,152.2
4436,148.0
4437,147.6
4438,154.7
4439,156.35
4440,150.0
4441,139.05
4442,139.25
4443,153.05
4444,154.25
4445,154.2
4446,166.6
4447,162.95
4448,165.35
4449,166.8
4450,166.65
4451,171.7
4452,182.35
4453,191.1
4454,187.45
4455,191.95
4456,193.4
4457,199.25
4458,192.35
4459,194.7
4460,201.65
4461,203.85
4462,211.15
4463,199.45
4464,197.1
4465,199.55
4466,200.65
4467,209.65
4468,209.15
4469,196.75
4470,194.65
4471,190.75
4472,180.9
4473,172.95
4474,176.65
4475,177.1
4476,180.15
4477,176.35
4478,168.75
4479,168.25
4480,170.5
4481,169.85
4482,162.75
4483,169.15
4484,179.05
4485,184.35
4486,182.9
4487,185.2
4488,185.15
4489,187.2
4490,183.8
4491,184.45
4492,181.9
4493,190.4
4494,190.6
4495,194.25
4496,188.25
4497,186.45
4498,198.45
4499,198.45
4500,189.0
4501,194.1
4502,194.75
4503,191.9
4504,196.05
4505,191.25
4506,183.2
4507,175.95
4508,186.65
4509,191.45
4510,199.65
4511,201.4
4512,207.9
4513,197.6
4514,193.95
4515,189.85
4516,189.35
4517,186.8
4518,180.05
4519,182.7
4520,187.85
4521,190.7
4522,191.5
4523,185.6
4524,173.7
4525,171.75
4526,171.05
4527,175.4
4528,165.05
4529,171.75
4530,174.85
4531,174.1
4532,175.2
4533,184.75
4534,195.15
4535,190.3
4536,200.4
4537,207.3
4538,207.1
4539,208.85
4540,209.45
4541,208.25
4542,217.25
4543,218.55
4544,229.35
4545,233.2
4546,234.95
4547,229.9
4548,231.75
4549,219.05
4550,211.05
4551,211.05
4552,205.1
4553,196.4
4554,187.5
4555,195.75
4556,182.05
4557,177.6
4558,174.5
4559,161.45
4560,150.75
4561,136.45
4562,122.1
4563,118.85
4564,103.25
4565,94.85
4566,86.35
4567,80.5
4568,73.65
4569,73.45
4570,69.95
4571,68.15
4572,67.4
4573,80.05
4574,88.5
4575,81.4
4576,86.0
4577,84.0
4578,92.0
4579,95.0
4580,103.2
4581,111.4
4582,115.3
4583,118.35
4584,130.15
4585,142.15
4586,158.05
4587,163.95
4588,168.45
4589,179.45
4590,196.65
4591,204.3
4592,205.35
4593,192.65
4594,189.1
4595,197.05
4596,202.45
4597,206.05
4598,202.15
4599,211.75
4600,211.55
4601,215.6
4602,219.0
4603,224.65
4604,220.3
4605,213.5
4606,202.8
4607,206.65
4608,212.75
4609,203.55
4610,196.15
4611,195.1
4612,196.85
4613,201.45
4614,199.45
4615,188.5
4616,192.85
4617,197.9
4618,201.8
4619,195.2
4620,203.7
4621,208.15
4622,215.2
4623,213.0
4624,216.85
4625,222.95
4626,221.8
4627,221.45
4628,215.1
4629,226.0
4630,233.1
4631,236.55
4632,244.7
4633,244.6
4634,246.95
4635,245.45
4636,245.4
4637,240.55
4638,238.3
4639,245.8
4640,233.15
4641,234.15
4642,230.8
4643,233.0
4644,233.0
4645,233.85
4646,235.7
4647,230.85
4648,236.2
4649,225.35
4650,214.2
4651,208.15
4652,206.5
4653,204.5
4654,195.5
4655,205.8
4656,202.1
4657,209.1
4658,213.75
4659,208.65
4660,213.45
4661,205.0
4662,207.05
4663,205.4
4664,198.95
4665,196.9
4666,206.85
4667,210.85
4668,211.55
4669,214.7
4670,217.75
4671,218.85
4672,213.1
4673,215.05
4674,220.25
4675,212.55
4676,211.55
4677,202.5
4678,200.1
4679,197.3
4680,196.9
4681,204.25
4682,208.0
4683,205.95
4684,212.4
4685,211.2
4686,201.15
4687,201.8
4688,196.95
4689,204.8
4690,204.6
4691,209.0
4692,212.7
4693,219.0
4694,221.5
4695,222.9
4696,216.7
4697,223.15
4698,227.15
4699,229.9
4700,227.15
4701,215.45
4702,213.5
4703,213.45
4704,213.45
4705,220.4
4706,230.95
4707,239.05
4708,245.25
4709,236.4
4710,241.15
4711,240.8
4712,244.05
4713,242.2
4714,250.15
4715,254.35
4716,264.85
4717,263.15
4718,256.85
4719,255.3
4720,262.6
4721,270.9
4722,267.05
4723,266.1
4724,265.4
4725,258.55
4726,254.7
4727,246.25
4728,244.9
4729,246.9
4730,236.4
4731,230.85
4732,229.05
4733,222.15
4734,214.5
4735,210.0
4736,205.95
4737,201.25
4738,198.95
4739,202.95
4740,197.2
4741,192.6
4742,196.5
4743,202.1
4744,198.95
4745,197.55
4746,196.85
4747,192.5
4748,190.6
4749,190.4
4750,194.55
4751,193.55
4752,184.85
4753,191.65
4754,192.45
4755,196.95
4756,196.5
4757,199.3
4758,200.65
4759,195.65
4760,195.85
4761,191.25
4762,182.7
4763,180.0
4764,180.0
4765,185.85
4766,191.8
4767,200.05
4768,198.2
4769,207.85
4770,208.55
4771,211.9
4772,213.1
4773,203.5
4774,198.9
4775,194.15
4776,190.65
4777,191.65
4778,188.5
4779,186.6
4780,182.45
4781,192.4
4782,192.45
4783,186.75
4784,183.55
4785,176.25
4786,165.7
4787,161.2
4788,159.45
4789,149.85
4790,148.8
4791,147.15
4792,156.1
4793,158.35
4794,159.0
4795,160.25
4796,154.95
4797,151.25
4798,152.05
4799,151.15
4800,152.45
4801,145.5
4802,148.25
4803,157.75
4804,157.75
4805,157.65
4806,166.4
4807,160.5
4808,166.0
4809,161.9
4810,160.4
4811,156.4
4812,146.3
4813,147.7
4814,155.8
4815,152.65
4816,161.6
4817,159.8
4818,159.1
4819,163.2
4820,163.35
4821,161.95
4822,156.7
4823,156.7
4824,163.75
4825,162.4
4826,154.5
4827,162.85
4828,155.2
4829,160.25
4830,168.15
4831,178.35
4832,183.7
4833,183.05
4834,173.8
4835,180.8
4836,174.55
4837,176.65
4838,177.85
4839,176.6
4840,188.15
4841,190.65
4842,190.45
4843,188.15
4844,186.0
4845,186.75
4846,183.55
4847,182.55
4848,179.9
4849,185.7
4850,179.95
4851,177.3
4852,172.1
4853,172.1
4854,172.4
4855,172.05
4856,175.0
4857,178.0
4858,183.45
4859,191.0
4860,186.9
4861,187.6
4862,192.5
4863,191.55
4864,186.2
4865,183.2
4866,186.2
4867,186.2
4868,199.95
4869,188.55
4870,191.05
4871,187.5
4872,189.2
4873,187.85
4874,189.65
4875,189.65
4876,188.25
4877,184.85
4878,183.0
4879,181.4
4880,173.4
4881,172.05
4882,166.95
4883,165.5
4884,165.5
4885,170.85
4886,170.8
4887,175.8
4888,164.85
4889,169.45
4890,174.95
4891,174.3
4892,181.9
4893,184.05
4894,190.1
4895,184.6
4896,192.85
4897,192.5
4898,187.7
4899,188.2
4900,191.25
4901,189.4
4902,192.15
4903,196.85
4904,207.35
4905,210.85
4906,217.85
4907,216.65
4908,219.1
4909,222.5
4910,212.4
4911,215.6
4912,208.1
4913,210.3
4914,205.65
4915,214.45
4916,200.95
4917,200.25
4918,201.85
4919,197.95
4920,204.7
4921,217.4
4922,217.65
4923,210.15
4924,200.1
4925,197.2
4926,191.2
4927,185.2
4928,185.35
4929,181.8
4930,181.45
4931,174.4
4932,179.6
4933,185.4
4934,187.0
4935,180.0
4936,185.85
4937,192.9
4938,191.0
4939,193.7
4940,192.15
4941,181.95
4942,179.0
4943,183.8
4944,181.35
4945,174.75
4946,170.95
4947,171.55
4948,169.95
4949,163.5
4950,164.85
4951,166.05
4952,162.4
4953,149.4
4954,147.0
4955,144.2
4956,148.55
4957,139.75
4958,139.05
4959,134.05
4960,126.5
4961,124.0
4962,122.15
4963,112.35
4964,114.35
4965,120.35
4966,124.8
4967,123.4
4968,123.7
4969,128.9
4970,127.9
4971,127.9
4972,123.55
4973,131.55
4974,128.15
4975,127.15
4976,119.95
4977,121.95
4978,121.75
4979,117.45
4980,114.95
4981,120.35
4982,122.15
4983,126.15
4984,127.15
4985,124.15
4986,119.7
4987,124.95
4988,125.65
4989,122.45
4990,119.25
4991,119.25
4992,124.25
4993,117.25
4994,118.25
4995,121.25
4996,121.25
4997,115.25
4998,115.25
4999,126.25
